{"v":"5.5.7","meta":{"g":"LottieFiles AE 0.1.21","a":"","k":"","d":"","tc":""},"fr":60,"ip":0,"op":301,"w":350,"h":158,"nm":"5_Illustrations","ddd":0,"assets":[],"layers":[{"ddd":0,"ind":1,"ty":3,"nm":"Null 2","sr":1,"ks":{"o":{"a":0,"k":0,"ix":11},"r":{"a":0,"k":0,"ix":10},"p":{"a":0,"k":[198,91,0],"ix":2},"a":{"a":0,"k":[0,0,0],"ix":1},"s":{"a":0,"k":[100,100,100],"ix":6}},"ao":0,"ip":0,"op":21370,"st":0,"bm":0},{"ddd":0,"ind":2,"ty":4,"nm":"Layer 2 Outlines 2","parent":1,"sr":1,"ks":{"o":{"a":0,"k":100,"ix":11},"r":{"a":0,"k":0,"ix":10},"p":{"a":0,"k":[111,-8.56,0],"ix":2},"a":{"a":0,"k":[29.22,17.62,0],"ix":1},"s":{"a":1,"k":[{"i":{"x":[0.359,0.359,0.667],"y":[1,1,1]},"o":{"x":[0.748,0.748,0.333],"y":[0,0,0]},"t":174,"s":[0,0,100]},{"t":189,"s":[100,100,100]}],"ix":6}},"ao":0,"shapes":[{"ty":"gr","it":[{"ind":0,"ty":"sh","ix":1,"ks":{"a":0,"k":{"i":[[0,0],[-2.84,6.27]],"o":[[0,0],[2.84,-6.27]],"v":[[12.21,7.21],[-9.37,-0.94]],"c":true},"ix":2},"nm":"Path 1","mn":"ADBE Vector Shape - Group","hd":false},{"ty":"st","c":{"a":0,"k":[0.929000016755,0.423999980852,0,1],"ix":3},"o":{"a":0,"k":100,"ix":4},"w":{"a":0,"k":1,"ix":5},"lc":1,"lj":1,"ml":10,"bm":0,"nm":"Stroke 1","mn":"ADBE Vector Graphic - Stroke","hd":false},{"ty":"fl","c":{"a":0,"k":[0.929000016755,0.423999980852,0,1],"ix":4},"o":{"a":0,"k":100,"ix":5},"r":1,"bm":0,"nm":"Fill 1","mn":"ADBE Vector Graphic - Fill","hd":false},{"ty":"tr","p":{"a":0,"k":[14.71,9.71],"ix":2},"a":{"a":0,"k":[0,0],"ix":1},"s":{"a":0,"k":[100,100],"ix":3},"r":{"a":0,"k":0,"ix":6},"o":{"a":0,"k":100,"ix":7},"sk":{"a":0,"k":0,"ix":4},"sa":{"a":0,"k":0,"ix":5},"nm":"Transform"}],"nm":"Group 1","np":3,"cix":2,"bm":0,"ix":1,"mn":"ADBE Vector Group","hd":false},{"ty":"gr","it":[{"ind":0,"ty":"sh","ix":1,"ks":{"a":0,"k":{"i":[[0,0],[-1.91,-0.68],[-5.61,0.293],[5.255,1.983],[1.06,-2.99]],"o":[[-1.07,3],[5.325,1.786],[-4.161,-3.772],[-1.92,-0.69],[0,0]],"v":[[-11.465,-3.101],[-4.465,3.029],[12.085,5.289],[-2.165,-3.421],[-11.465,-3.111]],"c":true},"ix":2},"nm":"Path 1","mn":"ADBE Vector Shape - Group","hd":false},{"ind":1,"ty":"sh","ix":2,"ks":{"a":0,"k":{"i":[[0.01,-0.05],[0.089,0],[5.63,1.92],[-0.8,2.25],[-5.62,-2],[-4.356,-4.048]],"o":[[0,0],[-5.937,0.382],[-5.62,-2],[0.8,-2.25],[5.573,2.072],[0.07,0.06]],"v":[[13.085,5.639],[12.925,5.719],[-4.595,3.389],[-12.295,-3.401],[-2.035,-3.801],[13.005,5.469]],"c":true},"ix":2},"nm":"Path 2","mn":"ADBE Vector Shape - Group","hd":false},{"ty":"mm","mm":1,"nm":"Merge Paths 1","mn":"ADBE Vector Filter - Merge","hd":false},{"ty":"st","c":{"a":0,"k":[0.929000016755,0.423999980852,0,1],"ix":3},"o":{"a":0,"k":100,"ix":4},"w":{"a":0,"k":1,"ix":5},"lc":1,"lj":1,"ml":10,"bm":0,"nm":"Stroke 1","mn":"ADBE Vector Graphic - Stroke","hd":false},{"ty":"fl","c":{"a":0,"k":[0.929000016755,0.423999980852,0,1],"ix":4},"o":{"a":0,"k":100,"ix":5},"r":1,"bm":0,"nm":"Fill 1","mn":"ADBE Vector Graphic - Fill","hd":false},{"ty":"tr","p":{"a":0,"k":[16.215,12.151],"ix":2},"a":{"a":0,"k":[0,0],"ix":1},"s":{"a":0,"k":[100,100],"ix":3},"r":{"a":0,"k":0,"ix":6},"o":{"a":0,"k":100,"ix":7},"sk":{"a":0,"k":0,"ix":4},"sa":{"a":0,"k":0,"ix":5},"nm":"Transform"}],"nm":"Group 2","np":5,"cix":2,"bm":0,"ix":2,"mn":"ADBE Vector Group","hd":false}],"ip":174,"op":247,"st":174,"bm":0},{"ddd":0,"ind":3,"ty":4,"nm":"Layer 3 Outlines 2","parent":1,"sr":1,"ks":{"o":{"a":0,"k":100,"ix":11},"r":{"a":0,"k":0,"ix":10},"p":{"a":0,"k":[111.88,-12.1,0],"ix":2},"a":{"a":0,"k":[22.15,23.34,0],"ix":1},"s":{"a":1,"k":[{"i":{"x":[0.359,0.359,0.667],"y":[1,1,1]},"o":{"x":[0.748,0.748,0.333],"y":[0,0,0]},"t":177,"s":[0,0,100]},{"t":192,"s":[100,100,100]}],"ix":6}},"ao":0,"shapes":[{"ty":"gr","it":[{"ind":0,"ty":"sh","ix":1,"ks":{"a":0,"k":{"i":[[0,0],[-5.03,3.47]],"o":[[0,0],[5.03,-3.47]],"v":[[8.885,9.775],[-3.855,-6.305]],"c":true},"ix":2},"nm":"Path 1","mn":"ADBE Vector Shape - Group","hd":false},{"ty":"st","c":{"a":0,"k":[0.929000016755,0.423999980852,0,1],"ix":3},"o":{"a":0,"k":100,"ix":4},"w":{"a":0,"k":1,"ix":5},"lc":1,"lj":1,"ml":10,"bm":0,"nm":"Stroke 1","mn":"ADBE Vector Graphic - Stroke","hd":false},{"ty":"fl","c":{"a":0,"k":[0.929000016755,0.423999980852,0,1],"ix":4},"o":{"a":0,"k":100,"ix":5},"r":1,"bm":0,"nm":"Fill 1","mn":"ADBE Vector Graphic - Fill","hd":false},{"ty":"tr","p":{"a":0,"k":[11.385,12.275],"ix":2},"a":{"a":0,"k":[0,0],"ix":1},"s":{"a":0,"k":[100,100],"ix":3},"r":{"a":0,"k":0,"ix":6},"o":{"a":0,"k":100,"ix":7},"sk":{"a":0,"k":0,"ix":4},"sa":{"a":0,"k":0,"ix":5},"nm":"Transform"}],"nm":"Group 1","np":3,"cix":2,"bm":0,"ix":1,"mn":"ADBE Vector Group","hd":false},{"ty":"gr","it":[{"ind":0,"ty":"sh","ix":1,"ks":{"a":0,"k":{"i":[[0,0],[-1.12,-1.34],[-4.172,-2.349],[3.039,3.692],[1.849,-1.58]],"o":[[-1.859,1.58],[3.148,3.607],[-1.634,-4.494],[-1.109,-1.35],[0,0]],"v":[[-6.305,-7.615],[-3.515,-0.275],[7.546,8.725],[0.485,-3.645],[-6.294,-7.615]],"c":true},"ix":2},"nm":"Path 1","mn":"ADBE Vector Shape - Group","hd":false},{"ind":1,"ty":"sh","ix":2,"ks":{"a":0,"k":{"i":[[0.03,-0.02],[0,0],[3.318,3.831],[-1.391,1.19],[-3.311,-3.89],[-1.68,-4.775]],"o":[[0,0],[-4.447,-2.432],[-3.309,-3.89],[1.389,-1.19],[3.24,3.889],[0.03,0.09]],"v":[[8.145,9.385],[8.006,9.385],[-3.735,-0.085],[-6.794,-8.195],[0.716,-3.875],[8.155,9.225]],"c":true},"ix":2},"nm":"Path 2","mn":"ADBE Vector Shape - Group","hd":false},{"ty":"mm","mm":1,"nm":"Merge Paths 1","mn":"ADBE Vector Filter - Merge","hd":false},{"ty":"st","c":{"a":0,"k":[0.929000016755,0.423999980852,0,1],"ix":3},"o":{"a":0,"k":100,"ix":4},"w":{"a":0,"k":1,"ix":5},"lc":1,"lj":1,"ml":10,"bm":0,"nm":"Stroke 1","mn":"ADBE Vector Graphic - Stroke","hd":false},{"ty":"fl","c":{"a":0,"k":[0.929000016755,0.423999980852,0,1],"ix":4},"o":{"a":0,"k":100,"ix":5},"r":1,"bm":0,"nm":"Fill 1","mn":"ADBE Vector Graphic - Fill","hd":false},{"ty":"tr","p":{"a":0,"k":[14.005,13.955],"ix":2},"a":{"a":0,"k":[0,0],"ix":1},"s":{"a":0,"k":[100,100],"ix":3},"r":{"a":0,"k":0,"ix":6},"o":{"a":0,"k":100,"ix":7},"sk":{"a":0,"k":0,"ix":4},"sa":{"a":0,"k":0,"ix":5},"nm":"Transform"}],"nm":"Group 2","np":5,"cix":2,"bm":0,"ix":2,"mn":"ADBE Vector Group","hd":false}],"ip":177,"op":247,"st":177,"bm":0},{"ddd":0,"ind":4,"ty":4,"nm":"Layer 4 Outlines 2","parent":1,"sr":1,"ks":{"o":{"a":0,"k":100,"ix":11},"r":{"a":0,"k":0,"ix":10},"p":{"a":0,"k":[113.312,-17.41,0],"ix":2},"a":{"a":0,"k":[13.582,21.95,0],"ix":1},"s":{"a":1,"k":[{"i":{"x":[0.359,0.359,0.667],"y":[1,1,1]},"o":{"x":[0.748,0.748,0.333],"y":[0,0,0]},"t":180,"s":[0,0,100]},{"t":195,"s":[100,100,100]}],"ix":6}},"ao":0,"shapes":[{"ty":"gr","it":[{"ind":0,"ty":"sh","ix":1,"ks":{"a":0,"k":{"i":[[0,0],[-5.039,1.26]],"o":[[0,0],[5.04,-1.26]],"v":[[5.175,8.93],[-0.136,-7.67]],"c":true},"ix":2},"nm":"Path 1","mn":"ADBE Vector Shape - Group","hd":false},{"ty":"st","c":{"a":0,"k":[0.929000016755,0.423999980852,0,1],"ix":3},"o":{"a":0,"k":100,"ix":4},"w":{"a":0,"k":1,"ix":5},"lc":1,"lj":1,"ml":10,"bm":0,"nm":"Stroke 1","mn":"ADBE Vector Graphic - Stroke","hd":false},{"ty":"fl","c":{"a":0,"k":[0.929000016755,0.423999980852,0,1],"ix":4},"o":{"a":0,"k":100,"ix":5},"r":1,"bm":0,"nm":"Fill 1","mn":"ADBE Vector Graphic - Fill","hd":false},{"ty":"tr","p":{"a":0,"k":[7.675,11.43],"ix":2},"a":{"a":0,"k":[0,0],"ix":1},"s":{"a":0,"k":[100,100],"ix":3},"r":{"a":0,"k":0,"ix":6},"o":{"a":0,"k":100,"ix":7},"sk":{"a":0,"k":0,"ix":4},"sa":{"a":0,"k":0,"ix":5},"nm":"Transform"}],"nm":"Group 1","np":3,"cix":2,"bm":0,"ix":1,"mn":"ADBE Vector Group","hd":false},{"ty":"gr","it":[{"ind":0,"ty":"sh","ix":1,"ks":{"a":0,"k":{"i":[[0,0],[-0.48,-1.41],[-2.643,-3.138],[1.245,3.91],[2.09,-0.71]],"o":[[-2.09,0.7],[1.378,3.865],[0.201,-4.099],[-0.49,-1.41],[0,0]],"v":[[-2.169,-8.47],[-2.389,-1.71],[3.691,8.88],[2.111,-3.23],[-2.179,-8.47]],"c":true},"ix":2},"nm":"Path 1","mn":"ADBE Vector Shape - Group","hd":false},{"ind":1,"ty":"sh","ix":2,"ks":{"a":0,"k":{"i":[[0.03,-0.01],[0.04,0.05],[1.436,4.098],[-1.571,0.53],[-1.39,-4.14],[0.259,-4.335]],"o":[[0,0],[-2.833,-3.29],[-1.4,-4.14],[1.57,-0.53],[1.342,4.13],[-0.02,0.06]],"v":[[3.93,9.61],[3.821,9.56],[-2.639,-1.62],[-2.369,-9.08],[2.361,-3.31],[4.001,9.5]],"c":true},"ix":2},"nm":"Path 2","mn":"ADBE Vector Shape - Group","hd":false},{"ty":"mm","mm":1,"nm":"Merge Paths 1","mn":"ADBE Vector Filter - Merge","hd":false},{"ty":"st","c":{"a":0,"k":[0.929000016755,0.423999980852,0,1],"ix":3},"o":{"a":0,"k":100,"ix":4},"w":{"a":0,"k":1,"ix":5},"lc":1,"lj":1,"ml":10,"bm":0,"nm":"Stroke 1","mn":"ADBE Vector Graphic - Stroke","hd":false},{"ty":"fl","c":{"a":0,"k":[0.929000016755,0.423999980852,0,1],"ix":4},"o":{"a":0,"k":100,"ix":5},"r":1,"bm":0,"nm":"Fill 1","mn":"ADBE Vector Graphic - Fill","hd":false},{"ty":"tr","p":{"a":0,"k":[9.519,12.34],"ix":2},"a":{"a":0,"k":[0,0],"ix":1},"s":{"a":0,"k":[100,100],"ix":3},"r":{"a":0,"k":0,"ix":6},"o":{"a":0,"k":100,"ix":7},"sk":{"a":0,"k":0,"ix":4},"sa":{"a":0,"k":0,"ix":5},"nm":"Transform"}],"nm":"Group 2","np":5,"cix":2,"bm":0,"ix":2,"mn":"ADBE Vector Group","hd":false}],"ip":180,"op":247,"st":180,"bm":0},{"ddd":0,"ind":5,"ty":4,"nm":"Layer 2 Outlines","parent":1,"sr":1,"ks":{"o":{"a":0,"k":100,"ix":11},"r":{"a":0,"k":0,"ix":10},"p":{"a":0,"k":[111,-8.56,0],"ix":2},"a":{"a":0,"k":[29.22,17.62,0],"ix":1},"s":{"a":1,"k":[{"i":{"x":[0.359,0.359,0.667],"y":[1,1,1]},"o":{"x":[0.748,0.748,0.333],"y":[0,0,0]},"t":20,"s":[0,0,100]},{"t":35,"s":[100,100,100]}],"ix":6}},"ao":0,"shapes":[{"ty":"gr","it":[{"ind":0,"ty":"sh","ix":1,"ks":{"a":0,"k":{"i":[[0,0],[-2.84,6.27]],"o":[[0,0],[2.84,-6.27]],"v":[[12.21,7.21],[-9.37,-0.94]],"c":true},"ix":2},"nm":"Path 1","mn":"ADBE Vector Shape - Group","hd":false},{"ty":"st","c":{"a":0,"k":[0.929000016755,0.423999980852,0,1],"ix":3},"o":{"a":0,"k":100,"ix":4},"w":{"a":0,"k":1,"ix":5},"lc":1,"lj":1,"ml":10,"bm":0,"nm":"Stroke 1","mn":"ADBE Vector Graphic - Stroke","hd":false},{"ty":"fl","c":{"a":0,"k":[0.929000016755,0.423999980852,0,1],"ix":4},"o":{"a":0,"k":100,"ix":5},"r":1,"bm":0,"nm":"Fill 1","mn":"ADBE Vector Graphic - Fill","hd":false},{"ty":"tr","p":{"a":0,"k":[14.71,9.71],"ix":2},"a":{"a":0,"k":[0,0],"ix":1},"s":{"a":0,"k":[100,100],"ix":3},"r":{"a":0,"k":0,"ix":6},"o":{"a":0,"k":100,"ix":7},"sk":{"a":0,"k":0,"ix":4},"sa":{"a":0,"k":0,"ix":5},"nm":"Transform"}],"nm":"Group 1","np":3,"cix":2,"bm":0,"ix":1,"mn":"ADBE Vector Group","hd":false},{"ty":"gr","it":[{"ind":0,"ty":"sh","ix":1,"ks":{"a":0,"k":{"i":[[0,0],[-1.91,-0.68],[-5.61,0.293],[5.255,1.983],[1.06,-2.99]],"o":[[-1.07,3],[5.325,1.786],[-4.161,-3.772],[-1.92,-0.69],[0,0]],"v":[[-11.465,-3.101],[-4.465,3.029],[12.085,5.289],[-2.165,-3.421],[-11.465,-3.111]],"c":true},"ix":2},"nm":"Path 1","mn":"ADBE Vector Shape - Group","hd":false},{"ind":1,"ty":"sh","ix":2,"ks":{"a":0,"k":{"i":[[0.01,-0.05],[0.089,0],[5.63,1.92],[-0.8,2.25],[-5.62,-2],[-4.356,-4.048]],"o":[[0,0],[-5.937,0.382],[-5.62,-2],[0.8,-2.25],[5.573,2.072],[0.07,0.06]],"v":[[13.085,5.639],[12.925,5.719],[-4.595,3.389],[-12.295,-3.401],[-2.035,-3.801],[13.005,5.469]],"c":true},"ix":2},"nm":"Path 2","mn":"ADBE Vector Shape - Group","hd":false},{"ty":"mm","mm":1,"nm":"Merge Paths 1","mn":"ADBE Vector Filter - Merge","hd":false},{"ty":"st","c":{"a":0,"k":[0.929000016755,0.423999980852,0,1],"ix":3},"o":{"a":0,"k":100,"ix":4},"w":{"a":0,"k":1,"ix":5},"lc":1,"lj":1,"ml":10,"bm":0,"nm":"Stroke 1","mn":"ADBE Vector Graphic - Stroke","hd":false},{"ty":"fl","c":{"a":0,"k":[0.929000016755,0.423999980852,0,1],"ix":4},"o":{"a":0,"k":100,"ix":5},"r":1,"bm":0,"nm":"Fill 1","mn":"ADBE Vector Graphic - Fill","hd":false},{"ty":"tr","p":{"a":0,"k":[16.215,12.151],"ix":2},"a":{"a":0,"k":[0,0],"ix":1},"s":{"a":0,"k":[100,100],"ix":3},"r":{"a":0,"k":0,"ix":6},"o":{"a":0,"k":100,"ix":7},"sk":{"a":0,"k":0,"ix":4},"sa":{"a":0,"k":0,"ix":5},"nm":"Transform"}],"nm":"Group 2","np":5,"cix":2,"bm":0,"ix":2,"mn":"ADBE Vector Group","hd":false}],"ip":20,"op":93,"st":20,"bm":0},{"ddd":0,"ind":6,"ty":4,"nm":"Layer 3 Outlines","parent":1,"sr":1,"ks":{"o":{"a":0,"k":100,"ix":11},"r":{"a":0,"k":0,"ix":10},"p":{"a":0,"k":[111.88,-12.1,0],"ix":2},"a":{"a":0,"k":[22.15,23.34,0],"ix":1},"s":{"a":1,"k":[{"i":{"x":[0.359,0.359,0.667],"y":[1,1,1]},"o":{"x":[0.748,0.748,0.333],"y":[0,0,0]},"t":23,"s":[0,0,100]},{"t":38,"s":[100,100,100]}],"ix":6}},"ao":0,"shapes":[{"ty":"gr","it":[{"ind":0,"ty":"sh","ix":1,"ks":{"a":0,"k":{"i":[[0,0],[-5.03,3.47]],"o":[[0,0],[5.03,-3.47]],"v":[[8.885,9.775],[-3.855,-6.305]],"c":true},"ix":2},"nm":"Path 1","mn":"ADBE Vector Shape - Group","hd":false},{"ty":"st","c":{"a":0,"k":[0.929000016755,0.423999980852,0,1],"ix":3},"o":{"a":0,"k":100,"ix":4},"w":{"a":0,"k":1,"ix":5},"lc":1,"lj":1,"ml":10,"bm":0,"nm":"Stroke 1","mn":"ADBE Vector Graphic - Stroke","hd":false},{"ty":"fl","c":{"a":0,"k":[0.929000016755,0.423999980852,0,1],"ix":4},"o":{"a":0,"k":100,"ix":5},"r":1,"bm":0,"nm":"Fill 1","mn":"ADBE Vector Graphic - Fill","hd":false},{"ty":"tr","p":{"a":0,"k":[11.385,12.275],"ix":2},"a":{"a":0,"k":[0,0],"ix":1},"s":{"a":0,"k":[100,100],"ix":3},"r":{"a":0,"k":0,"ix":6},"o":{"a":0,"k":100,"ix":7},"sk":{"a":0,"k":0,"ix":4},"sa":{"a":0,"k":0,"ix":5},"nm":"Transform"}],"nm":"Group 1","np":3,"cix":2,"bm":0,"ix":1,"mn":"ADBE Vector Group","hd":false},{"ty":"gr","it":[{"ind":0,"ty":"sh","ix":1,"ks":{"a":0,"k":{"i":[[0,0],[-1.12,-1.34],[-4.172,-2.349],[3.039,3.692],[1.849,-1.58]],"o":[[-1.859,1.58],[3.148,3.607],[-1.634,-4.494],[-1.109,-1.35],[0,0]],"v":[[-6.305,-7.615],[-3.515,-0.275],[7.546,8.725],[0.485,-3.645],[-6.294,-7.615]],"c":true},"ix":2},"nm":"Path 1","mn":"ADBE Vector Shape - Group","hd":false},{"ind":1,"ty":"sh","ix":2,"ks":{"a":0,"k":{"i":[[0.03,-0.02],[0,0],[3.318,3.831],[-1.391,1.19],[-3.311,-3.89],[-1.68,-4.775]],"o":[[0,0],[-4.447,-2.432],[-3.309,-3.89],[1.389,-1.19],[3.24,3.889],[0.03,0.09]],"v":[[8.145,9.385],[8.006,9.385],[-3.735,-0.085],[-6.794,-8.195],[0.716,-3.875],[8.155,9.225]],"c":true},"ix":2},"nm":"Path 2","mn":"ADBE Vector Shape - Group","hd":false},{"ty":"mm","mm":1,"nm":"Merge Paths 1","mn":"ADBE Vector Filter - Merge","hd":false},{"ty":"st","c":{"a":0,"k":[0.929000016755,0.423999980852,0,1],"ix":3},"o":{"a":0,"k":100,"ix":4},"w":{"a":0,"k":1,"ix":5},"lc":1,"lj":1,"ml":10,"bm":0,"nm":"Stroke 1","mn":"ADBE Vector Graphic - Stroke","hd":false},{"ty":"fl","c":{"a":0,"k":[0.929000016755,0.423999980852,0,1],"ix":4},"o":{"a":0,"k":100,"ix":5},"r":1,"bm":0,"nm":"Fill 1","mn":"ADBE Vector Graphic - Fill","hd":false},{"ty":"tr","p":{"a":0,"k":[14.005,13.955],"ix":2},"a":{"a":0,"k":[0,0],"ix":1},"s":{"a":0,"k":[100,100],"ix":3},"r":{"a":0,"k":0,"ix":6},"o":{"a":0,"k":100,"ix":7},"sk":{"a":0,"k":0,"ix":4},"sa":{"a":0,"k":0,"ix":5},"nm":"Transform"}],"nm":"Group 2","np":5,"cix":2,"bm":0,"ix":2,"mn":"ADBE Vector Group","hd":false}],"ip":23,"op":93,"st":23,"bm":0},{"ddd":0,"ind":7,"ty":4,"nm":"Layer 4 Outlines","parent":1,"sr":1,"ks":{"o":{"a":0,"k":100,"ix":11},"r":{"a":0,"k":0,"ix":10},"p":{"a":0,"k":[113.312,-17.41,0],"ix":2},"a":{"a":0,"k":[13.582,21.95,0],"ix":1},"s":{"a":1,"k":[{"i":{"x":[0.359,0.359,0.667],"y":[1,1,1]},"o":{"x":[0.748,0.748,0.333],"y":[0,0,0]},"t":26,"s":[0,0,100]},{"t":41,"s":[100,100,100]}],"ix":6}},"ao":0,"shapes":[{"ty":"gr","it":[{"ind":0,"ty":"sh","ix":1,"ks":{"a":0,"k":{"i":[[0,0],[-5.039,1.26]],"o":[[0,0],[5.04,-1.26]],"v":[[5.175,8.93],[-0.136,-7.67]],"c":true},"ix":2},"nm":"Path 1","mn":"ADBE Vector Shape - Group","hd":false},{"ty":"st","c":{"a":0,"k":[0.929000016755,0.423999980852,0,1],"ix":3},"o":{"a":0,"k":100,"ix":4},"w":{"a":0,"k":1,"ix":5},"lc":1,"lj":1,"ml":10,"bm":0,"nm":"Stroke 1","mn":"ADBE Vector Graphic - Stroke","hd":false},{"ty":"fl","c":{"a":0,"k":[0.929000016755,0.423999980852,0,1],"ix":4},"o":{"a":0,"k":100,"ix":5},"r":1,"bm":0,"nm":"Fill 1","mn":"ADBE Vector Graphic - Fill","hd":false},{"ty":"tr","p":{"a":0,"k":[7.675,11.43],"ix":2},"a":{"a":0,"k":[0,0],"ix":1},"s":{"a":0,"k":[100,100],"ix":3},"r":{"a":0,"k":0,"ix":6},"o":{"a":0,"k":100,"ix":7},"sk":{"a":0,"k":0,"ix":4},"sa":{"a":0,"k":0,"ix":5},"nm":"Transform"}],"nm":"Group 1","np":3,"cix":2,"bm":0,"ix":1,"mn":"ADBE Vector Group","hd":false},{"ty":"gr","it":[{"ind":0,"ty":"sh","ix":1,"ks":{"a":0,"k":{"i":[[0,0],[-0.48,-1.41],[-2.643,-3.138],[1.245,3.91],[2.09,-0.71]],"o":[[-2.09,0.7],[1.378,3.865],[0.201,-4.099],[-0.49,-1.41],[0,0]],"v":[[-2.169,-8.47],[-2.389,-1.71],[3.691,8.88],[2.111,-3.23],[-2.179,-8.47]],"c":true},"ix":2},"nm":"Path 1","mn":"ADBE Vector Shape - Group","hd":false},{"ind":1,"ty":"sh","ix":2,"ks":{"a":0,"k":{"i":[[0.03,-0.01],[0.04,0.05],[1.436,4.098],[-1.571,0.53],[-1.39,-4.14],[0.259,-4.335]],"o":[[0,0],[-2.833,-3.29],[-1.4,-4.14],[1.57,-0.53],[1.342,4.13],[-0.02,0.06]],"v":[[3.93,9.61],[3.821,9.56],[-2.639,-1.62],[-2.369,-9.08],[2.361,-3.31],[4.001,9.5]],"c":true},"ix":2},"nm":"Path 2","mn":"ADBE Vector Shape - Group","hd":false},{"ty":"mm","mm":1,"nm":"Merge Paths 1","mn":"ADBE Vector Filter - Merge","hd":false},{"ty":"st","c":{"a":0,"k":[0.929000016755,0.423999980852,0,1],"ix":3},"o":{"a":0,"k":100,"ix":4},"w":{"a":0,"k":1,"ix":5},"lc":1,"lj":1,"ml":10,"bm":0,"nm":"Stroke 1","mn":"ADBE Vector Graphic - Stroke","hd":false},{"ty":"fl","c":{"a":0,"k":[0.929000016755,0.423999980852,0,1],"ix":4},"o":{"a":0,"k":100,"ix":5},"r":1,"bm":0,"nm":"Fill 1","mn":"ADBE Vector Graphic - Fill","hd":false},{"ty":"tr","p":{"a":0,"k":[9.519,12.34],"ix":2},"a":{"a":0,"k":[0,0],"ix":1},"s":{"a":0,"k":[100,100],"ix":3},"r":{"a":0,"k":0,"ix":6},"o":{"a":0,"k":100,"ix":7},"sk":{"a":0,"k":0,"ix":4},"sa":{"a":0,"k":0,"ix":5},"nm":"Transform"}],"nm":"Group 2","np":5,"cix":2,"bm":0,"ix":2,"mn":"ADBE Vector Group","hd":false}],"ip":26,"op":93,"st":26,"bm":0},{"ddd":0,"ind":8,"ty":4,"nm":"Layer 5 Outlines","parent":1,"sr":1,"ks":{"o":{"a":0,"k":100,"ix":11},"r":{"a":0,"k":0,"ix":10},"p":{"a":0,"k":[132.83,-18.67,0],"ix":2},"a":{"a":0,"k":[16.747,64.177,0],"ix":1},"s":{"a":0,"k":[100,100,100],"ix":6}},"ao":0,"shapes":[{"ty":"gr","it":[{"ind":0,"ty":"sh","ix":1,"ks":{"a":0,"k":{"i":[[0,0],[0,0],[0,0],[0,0]],"o":[[0,0],[0,0],[0,0],[0,0]],"v":[[-4.835,-63.47],[4.835,-63.47],[4.835,63.47],[-4.835,63.47]],"c":true},"ix":2},"nm":"Path 1","mn":"ADBE Vector Shape - Group","hd":false},{"ty":"st","c":{"a":0,"k":[0.4,0.4,0.4,1],"ix":3},"o":{"a":0,"k":100,"ix":4},"w":{"a":0,"k":1,"ix":5},"lc":1,"lj":1,"ml":10,"bm":0,"nm":"Stroke 1","mn":"ADBE Vector Graphic - Stroke","hd":false},{"ty":"fl","c":{"a":0,"k":[0.4,0.4,0.4,1],"ix":4},"o":{"a":0,"k":100,"ix":5},"r":1,"bm":0,"nm":"Fill 1","mn":"ADBE Vector Graphic - Fill","hd":false},{"ty":"tr","p":{"a":0,"k":[27.952,64.177],"ix":2},"a":{"a":0,"k":[0,0],"ix":1},"s":{"a":0,"k":[100,100],"ix":3},"r":{"a":0,"k":0,"ix":6},"o":{"a":0,"k":100,"ix":7},"sk":{"a":0,"k":0,"ix":4},"sa":{"a":0,"k":0,"ix":5},"nm":"Transform"}],"nm":"Group 1","np":3,"cix":2,"bm":0,"ix":1,"mn":"ADBE Vector Group","hd":false},{"ty":"gr","it":[{"ind":0,"ty":"sh","ix":1,"ks":{"a":0,"k":{"i":[[0,0],[0,0],[0,0],[0,0]],"o":[[0,0],[0,0],[0,0],[0,0]],"v":[[-15.705,-63.47],[15.705,-63.47],[15.705,63.47],[-15.705,63.47]],"c":true},"ix":2},"nm":"Path 1","mn":"ADBE Vector Shape - Group","hd":false},{"ty":"st","c":{"a":0,"k":[0.501999978458,0.501999978458,0.501999978458,1],"ix":3},"o":{"a":0,"k":100,"ix":4},"w":{"a":0,"k":1,"ix":5},"lc":1,"lj":1,"ml":10,"bm":0,"nm":"Stroke 1","mn":"ADBE Vector Graphic - Stroke","hd":false},{"ty":"fl","c":{"a":0,"k":[0.501999978458,0.501999978458,0.501999978458,1],"ix":4},"o":{"a":0,"k":100,"ix":5},"r":1,"bm":0,"nm":"Fill 1","mn":"ADBE Vector Graphic - Fill","hd":false},{"ty":"tr","p":{"a":0,"k":[16.412,64.177],"ix":2},"a":{"a":0,"k":[0,0],"ix":1},"s":{"a":0,"k":[100,100],"ix":3},"r":{"a":0,"k":0,"ix":6},"o":{"a":0,"k":100,"ix":7},"sk":{"a":0,"k":0,"ix":4},"sa":{"a":0,"k":0,"ix":5},"nm":"Transform"}],"nm":"Group 2","np":3,"cix":2,"bm":0,"ix":2,"mn":"ADBE Vector Group","hd":false}],"ip":0,"op":21370,"st":0,"bm":0},{"ddd":0,"ind":9,"ty":4,"nm":"Layer 1 Outlines","parent":1,"sr":1,"ks":{"o":{"a":0,"k":100,"ix":11},"r":{"a":0,"k":0,"ix":10},"p":{"a":1,"k":[{"i":{"x":0.417,"y":1},"o":{"x":0.633,"y":0},"t":0,"s":[-60.8,5.44,0],"to":[6.833,0,0],"ti":[-6.833,0,0]},{"i":{"x":0.417,"y":0.417},"o":{"x":0.633,"y":0.633},"t":38.572,"s":[-19.8,5.44,0],"to":[0,0,0],"ti":[0,0,0]},{"i":{"x":0.417,"y":1},"o":{"x":0.633,"y":0},"t":77.143,"s":[-19.8,5.44,0],"to":[-6.833,0,0],"ti":[6.833,0,0]},{"i":{"x":0.417,"y":0.417},"o":{"x":0.633,"y":0.633},"t":115.715,"s":[-60.8,5.44,0],"to":[0,0,0],"ti":[0,0,0]},{"i":{"x":0.417,"y":1},"o":{"x":0.633,"y":0},"t":154.285,"s":[-60.8,5.44,0],"to":[6.833,0,0],"ti":[-6.833,0,0]},{"i":{"x":0.417,"y":0.417},"o":{"x":0.633,"y":0.633},"t":192.857,"s":[-19.8,5.44,0],"to":[0,0,0],"ti":[0,0,0]},{"i":{"x":0.417,"y":1},"o":{"x":0.633,"y":0},"t":231.428,"s":[-19.8,5.44,0],"to":[-6.833,0,0],"ti":[6.833,0,0]},{"t":270,"s":[-60.8,5.44,0]}],"ix":2},"a":{"a":0,"k":[134.17,54.39,0],"ix":1},"s":{"a":0,"k":[100,100,100],"ix":6}},"ao":0,"shapes":[{"ty":"gr","it":[{"ind":0,"ty":"sh","ix":1,"ks":{"a":0,"k":{"i":[[0,0],[0,0],[0,0],[0,0],[0,0],[0,0],[0,0],[0,0],[0,0],[0,0],[0,0],[0,0],[0,0]],"o":[[0,0],[0,0],[0,0],[0,0],[0,0],[0,0],[0,0],[0,0],[0,0],[0,0],[0,0],[0,0],[0,0]],"v":[[-6.155,-5.325],[-4.076,-5.325],[-0.855,-3.825],[2.074,-2.105],[3.905,-0.595],[4.845,1.315],[5.765,3.836],[6.155,5.325],[1.555,4.525],[-1.145,3.836],[-2.786,3.225],[-4.046,1.475],[-5.466,-1.685]],"c":true},"ix":2},"nm":"Path 1","mn":"ADBE Vector Shape - Group","hd":false},{"ty":"st","c":{"a":0,"k":[0.929000016755,0.423999980852,0,1],"ix":3},"o":{"a":0,"k":100,"ix":4},"w":{"a":0,"k":1,"ix":5},"lc":1,"lj":1,"ml":10,"bm":0,"nm":"Stroke 1","mn":"ADBE Vector Graphic - Stroke","hd":false},{"ty":"fl","c":{"a":0,"k":[0.929000016755,0.423999980852,0,1],"ix":4},"o":{"a":0,"k":100,"ix":5},"r":1,"bm":0,"nm":"Fill 1","mn":"ADBE Vector Graphic - Fill","hd":false},{"ty":"tr","p":{"a":0,"k":[252.315,54.095],"ix":2},"a":{"a":0,"k":[0,0],"ix":1},"s":{"a":0,"k":[100,100],"ix":3},"r":{"a":0,"k":0,"ix":6},"o":{"a":0,"k":100,"ix":7},"sk":{"a":0,"k":0,"ix":4},"sa":{"a":0,"k":0,"ix":5},"nm":"Transform"}],"nm":"Group 1","np":3,"cix":2,"bm":0,"ix":1,"mn":"ADBE Vector Group","hd":false},{"ty":"gr","it":[{"ind":0,"ty":"sh","ix":1,"ks":{"a":0,"k":{"i":[[0,0],[0,0],[0,0],[0,0],[0,0],[0,0]],"o":[[0,0],[0,0],[0,0],[0,0],[0,0],[0,0]],"v":[[-3.735,-6.325],[5.285,-2.515],[4.505,4.765],[3.725,5.505],[-2.265,6.285],[-5.285,6.325]],"c":true},"ix":2},"nm":"Path 1","mn":"ADBE Vector Shape - Group","hd":false},{"ty":"st","c":{"a":0,"k":[0.929000016755,0.423999980852,0,1],"ix":3},"o":{"a":0,"k":100,"ix":4},"w":{"a":0,"k":1,"ix":5},"lc":1,"lj":1,"ml":10,"bm":0,"nm":"Stroke 1","mn":"ADBE Vector Graphic - Stroke","hd":false},{"ty":"fl","c":{"a":0,"k":[0.929000016755,0.423999980852,0,1],"ix":4},"o":{"a":0,"k":100,"ix":5},"r":1,"bm":0,"nm":"Fill 1","mn":"ADBE Vector Graphic - Fill","hd":false},{"ty":"tr","p":{"a":0,"k":[14.915,50.035],"ix":2},"a":{"a":0,"k":[0,0],"ix":1},"s":{"a":0,"k":[100,100],"ix":3},"r":{"a":0,"k":0,"ix":6},"o":{"a":0,"k":100,"ix":7},"sk":{"a":0,"k":0,"ix":4},"sa":{"a":0,"k":0,"ix":5},"nm":"Transform"}],"nm":"Group 2","np":3,"cix":2,"bm":0,"ix":2,"mn":"ADBE Vector Group","hd":false},{"ty":"gr","it":[{"ind":0,"ty":"sh","ix":1,"ks":{"a":0,"k":{"i":[[0,0],[0,0],[0,0],[0.548,1.259],[-0.11,0.12],[-1.318,-1.406],[1.136,-1.354],[2.03,-3.71],[0,0],[0.03,-1.933],[1.933,0.03]],"o":[[0,0],[0,0],[-1.372,-0.055],[-1.52,-3.59],[1.406,-1.319],[1.208,1.289],[-0.47,0.69],[0,0],[1.933,0.03],[-0.03,1.933],[0,0]],"v":[[29.093,11.964],[28.983,11.964],[-28.018,10.154],[-31.158,8.005],[-22.277,-10.715],[-17.344,-10.557],[-17.217,-5.926],[-22.557,3.365],[29.202,5.005],[32.648,8.559],[29.093,12.005]],"c":true},"ix":2},"nm":"Path 1","mn":"ADBE Vector Shape - Group","hd":false},{"ty":"fl","c":{"a":0,"k":[0.250999989229,0.224000010771,0.372999991623,1],"ix":4},"o":{"a":0,"k":100,"ix":5},"r":1,"bm":0,"nm":"Fill 1","mn":"ADBE Vector Graphic - Fill","hd":false},{"ty":"tr","p":{"a":0,"k":[95.567,27.876],"ix":2},"a":{"a":0,"k":[0,0],"ix":1},"s":{"a":0,"k":[100,100],"ix":3},"r":{"a":0,"k":0,"ix":6},"o":{"a":0,"k":100,"ix":7},"sk":{"a":0,"k":0,"ix":4},"sa":{"a":0,"k":0,"ix":5},"nm":"Transform"}],"nm":"Group 3","np":2,"cix":2,"bm":0,"ix":3,"mn":"ADBE Vector Group","hd":false},{"ty":"gr","it":[{"ind":0,"ty":"sh","ix":1,"ks":{"a":0,"k":{"i":[[0,0],[0,0]],"o":[[0,0],[0,0]],"v":[[-26.34,8.451],[-26.34,8.601]],"c":true},"ix":2},"nm":"Path 1","mn":"ADBE Vector Shape - Group","hd":false},{"ind":1,"ty":"sh","ix":2,"ks":{"a":0,"k":{"i":[[0,0],[0,0],[0,0],[0.269,2.054],[0,0],[-1.902,0.312],[-0.312,-1.903],[0,0],[0,0],[-1.452,1.269],[-1.31,-0.866],[-0.748,-2.087],[2.757,-1.033],[0.642,0.001]],"o":[[0,0],[0,0],[-2.071,-0.061],[0,0],[-0.312,-1.903],[1.903,-0.312],[0,0],[0,0],[-1.269,-1.451],[1.182,-1.034],[1.849,1.224],[1.033,2.756],[-0.6,0.225],[0,0]],"v":[[30.969,15.201],[30.799,15.201],[-29.201,13.311],[-33.261,9.641],[-36.641,-10.89],[-33.761,-14.9],[-29.751,-12.02],[-26.751,6.411],[27.369,8.121],[27.699,3.196],[31.919,2.911],[35.919,8.011],[32.798,14.872],[30.919,15.211]],"c":true},"ix":2},"nm":"Path 2","mn":"ADBE Vector Shape - Group","hd":false},{"ty":"mm","mm":1,"nm":"Merge Paths 1","mn":"ADBE Vector Filter - Merge","hd":false},{"ty":"fl","c":{"a":0,"k":[0.250999989229,0.224000010771,0.372999991623,1],"ix":4},"o":{"a":0,"k":100,"ix":5},"r":1,"bm":0,"nm":"Fill 1","mn":"ADBE Vector Graphic - Fill","hd":false},{"ty":"tr","p":{"a":0,"k":[153.84,26.39],"ix":2},"a":{"a":0,"k":[0,0],"ix":1},"s":{"a":0,"k":[100,100],"ix":3},"r":{"a":0,"k":0,"ix":6},"o":{"a":0,"k":100,"ix":7},"sk":{"a":0,"k":0,"ix":4},"sa":{"a":0,"k":0,"ix":5},"nm":"Transform"}],"nm":"Group 4","np":4,"cix":2,"bm":0,"ix":4,"mn":"ADBE Vector Group","hd":false},{"ty":"gr","it":[{"ind":0,"ty":"sh","ix":1,"ks":{"a":0,"k":{"i":[[6.07,0],[1.51,0.101],[-0.091,1.924],[-1.903,-0.033],[-0.87,0.599],[0.12,4.9],[3.065,1.109],[-0.074,1.787],[-0.008,0.07],[-1.949,-0.064],[-0.26,-4.67],[3.22,-2.08]],"o":[[-1.33,0],[-1.925,-0.091],[0.148,-1.897],[7.59,0.349],[0.35,-0.401],[-2.931,-1.428],[-1.788,-0.073],[0.002,-0.071],[0.26,-1.932],[0.15,0],[0.46,8.399],[-2.25,1.449]],"v":[[-4.725,13.307],[-8.994,13.206],[-12.314,9.557],[-8.665,6.237],[4.006,5.237],[5.006,-2.564],[-3.994,-6.373],[-7.1,-9.742],[-7.085,-9.953],[-3.195,-13.243],[11.945,-4.653],[7.786,11.137]],"c":true},"ix":2},"nm":"Path 1","mn":"ADBE Vector Shape - Group","hd":false},{"ty":"fl","c":{"a":0,"k":[0.250999989229,0.224000010771,0.372999991623,1],"ix":4},"o":{"a":0,"k":100,"ix":5},"r":1,"bm":0,"nm":"Fill 1","mn":"ADBE Vector Graphic - Fill","hd":false},{"ty":"tr","p":{"a":0,"k":[15.165,50.043],"ix":2},"a":{"a":0,"k":[0,0],"ix":1},"s":{"a":0,"k":[100,100],"ix":3},"r":{"a":0,"k":0,"ix":6},"o":{"a":0,"k":100,"ix":7},"sk":{"a":0,"k":0,"ix":4},"sa":{"a":0,"k":0,"ix":5},"nm":"Transform"}],"nm":"Group 5","np":2,"cix":2,"bm":0,"ix":5,"mn":"ADBE Vector Group","hd":false},{"ty":"gr","it":[{"ind":0,"ty":"sh","ix":1,"ks":{"a":0,"k":{"i":[[0,0],[0,0],[3.981,1.89],[-2.32,5.47],[-8.691,-3.24],[0.617,-1.826],[1.826,0.617],[0.065,0.026],[0.011,0],[-1.529,-1.31],[-3.739,-0.47],[0.119,-1.933],[1.933,0.119]],"o":[[0,0],[-5.63,-0.7],[-3.769,-1.8],[0.829,-1.95],[1.826,0.617],[-0.616,1.827],[-0.066,-0.022],[-2.83,-1.05],[-0.5,1.26],[3,1.39],[1.934,0.119],[-0.118,1.933],[0,0]],"v":[[10.328,13.49],[9.888,13.49],[-5.563,10.051],[-11.831,-7.549],[0.548,-10.449],[2.737,-6.027],[-1.685,-3.837],[-1.883,-3.91],[-5.633,-4.63],[-2.253,3.93],[10.747,6.57],[14.033,10.286],[10.318,13.57]],"c":true},"ix":2},"nm":"Path 1","mn":"ADBE Vector Shape - Group","hd":false},{"ty":"fl","c":{"a":0,"k":[0.250999989229,0.224000010771,0.372999991623,1],"ix":4},"o":{"a":0,"k":100,"ix":5},"r":1,"bm":0,"nm":"Fill 1","mn":"ADBE Vector Graphic - Fill","hd":false},{"ty":"tr","p":{"a":0,"k":[251.782,53.459],"ix":2},"a":{"a":0,"k":[0,0],"ix":1},"s":{"a":0,"k":[100,100],"ix":3},"r":{"a":0,"k":0,"ix":6},"o":{"a":0,"k":100,"ix":7},"sk":{"a":0,"k":0,"ix":4},"sa":{"a":0,"k":0,"ix":5},"nm":"Transform"}],"nm":"Group 6","np":2,"cix":2,"bm":0,"ix":6,"mn":"ADBE Vector Group","hd":false},{"ty":"gr","it":[{"ind":0,"ty":"sh","ix":1,"ks":{"a":0,"k":{"i":[[0,0],[-0.005,-10.112],[-10.113,0.006],[0,10.108],[10.099,0.011]],"o":[[-10.112,0.006],[0.006,10.113],[10.108,-0.006],[-0.033,-10.098],[0,0]],"v":[[0,-18.311],[-18.3,0.01],[0.021,18.31],[18.32,0.001],[0,-18.28]],"c":true},"ix":2},"nm":"Path 1","mn":"ADBE Vector Shape - Group","hd":false},{"ind":1,"ty":"sh","ix":2,"ks":{"a":0,"k":{"i":[[13.967,-0.016],[0,13.972],[-13.973,0],[0,-13.973]],"o":[[-13.973,0],[0,-13.973],[13.974,0],[-0.017,13.965]],"v":[[0,25.299],[-25.3,0.001],[0,-25.299],[25.301,0.001]],"c":true},"ix":2},"nm":"Path 2","mn":"ADBE Vector Shape - Group","hd":false},{"ty":"mm","mm":1,"nm":"Merge Paths 1","mn":"ADBE Vector Filter - Merge","hd":false},{"ty":"fl","c":{"a":0,"k":[0.250999989229,0.224000010771,0.372999991623,1],"ix":4},"o":{"a":0,"k":100,"ix":5},"r":1,"bm":0,"nm":"Fill 1","mn":"ADBE Vector Graphic - Fill","hd":false},{"ty":"tr","p":{"a":0,"k":[214.74,83.23],"ix":2},"a":{"a":0,"k":[0,0],"ix":1},"s":{"a":0,"k":[100,100],"ix":3},"r":{"a":0,"k":0,"ix":6},"o":{"a":0,"k":100,"ix":7},"sk":{"a":0,"k":0,"ix":4},"sa":{"a":0,"k":0,"ix":5},"nm":"Transform"}],"nm":"Group 7","np":4,"cix":2,"bm":0,"ix":7,"mn":"ADBE Vector Group","hd":false},{"ty":"gr","it":[{"ind":0,"ty":"sh","ix":1,"ks":{"a":0,"k":{"i":[[0,0],[-0.006,-10.112],[-10.112,0.006],[0,10.108],[10.098,0.011]],"o":[[-10.112,0.006],[0.006,10.113],[10.108,-0.006],[-0.033,-10.098],[0,0]],"v":[[0,-18.311],[-18.3,0.01],[0.02,18.31],[18.32,0.001],[0,-18.28]],"c":true},"ix":2},"nm":"Path 1","mn":"ADBE Vector Shape - Group","hd":false},{"ind":1,"ty":"sh","ix":2,"ks":{"a":0,"k":{"i":[[13.966,-0.016],[0,13.972],[-13.973,0],[0,-13.973]],"o":[[-13.973,0],[0,-13.973],[13.973,0],[-0.017,13.965]],"v":[[0,25.299],[-25.3,0.001],[0,-25.299],[25.3,0.001]],"c":true},"ix":2},"nm":"Path 2","mn":"ADBE Vector Shape - Group","hd":false},{"ty":"mm","mm":1,"nm":"Merge Paths 1","mn":"ADBE Vector Filter - Merge","hd":false},{"ty":"fl","c":{"a":0,"k":[0.250999989229,0.224000010771,0.372999991623,1],"ix":4},"o":{"a":0,"k":100,"ix":5},"r":1,"bm":0,"nm":"Fill 1","mn":"ADBE Vector Graphic - Fill","hd":false},{"ty":"tr","p":{"a":0,"k":[52.82,83.23],"ix":2},"a":{"a":0,"k":[0,0],"ix":1},"s":{"a":0,"k":[100,100],"ix":3},"r":{"a":0,"k":0,"ix":6},"o":{"a":0,"k":100,"ix":7},"sk":{"a":0,"k":0,"ix":4},"sa":{"a":0,"k":0,"ix":5},"nm":"Transform"}],"nm":"Group 8","np":4,"cix":2,"bm":0,"ix":8,"mn":"ADBE Vector Group","hd":false},{"ty":"gr","it":[{"ind":0,"ty":"sh","ix":1,"ks":{"a":0,"k":{"i":[[2.37,-0.036],[0,0],[0,1.933],[-1.933,0],[0,0],[2.12,4.989],[-0.099,0.639],[0.85,1.489],[41.82,5.17],[5.02,3.17],[23.84,5.79],[15.59,-4.77],[7.833,-5.796],[8.99,-2.21],[0,0],[4.342,-1.564],[0.23,-2.76],[0.8,-2.73],[-0.004,-2.094],[-0.17,-3.32],[-3.095,0.004],[0,0],[0,-1.934],[1.933,0],[0,0],[0.347,6.81],[-0.1,4.819],[-0.849,2.582],[-0.7,8.7],[-4.01,1.56],[-4.827,1.034],[0,0],[-5.33,3.71],[-10.081,2.893],[-20.23,-4.95],[-9.81,-6.2],[-1.39,-0.24],[-1.07,-1.93],[0.49,-6.059],[3.88,-5.87]],"o":[[0,0],[-1.933,0],[0,-1.934],[0,0],[2,-1.681],[-0.25,-0.597],[0.51,-3.331],[0,0],[-2.93,-0.5],[-9.45,-6],[-19.24,-4.71],[-9.362,2.703],[-5.45,3.8],[0,0],[-4.515,0.96],[-5.61,2.18],[-0.76,9.41],[-0.666,1.985],[-0.1,4.62],[0.16,3.091],[0,0],[1.933,0],[0,1.933],[0,0],[-6.817,0.009],[-0.17,-3.489],[0.013,-2.719],[0.75,-2.57],[0.65,-8],[4.641,-1.683],[0,0],[7.74,-1.9],[8.436,-6.233],[16.55,-5.06],[24.95,6.1],[3.69,2.33],[45.14,5.57],[0.38,0.659],[2.15,6.341],[-1.192,2.048]],"v":[[124.3,46.07],[102.38,46.07],[98.88,42.57],[102.38,39.07],[124.3,39.07],[124.73,18.441],[124.5,16.551],[122.06,7.15],[73.31,-6.79],[62.03,-12.559],[12.93,-34.35],[-53.61,-34.249],[-79.61,-21.4],[-99.2,-11.799],[-102.14,-11.1],[-115.44,-7.309],[-123.15,-0.79],[-125.81,15.081],[-126.81,21.241],[-126.7,33.561],[-120.89,39.07],[-105.13,39.07],[-101.63,42.57],[-105.13,46.07],[-120.91,46.07],[-133.7,33.93],[-133.82,21.111],[-132.52,13.111],[-130.12,-1.359],[-117.98,-13.82],[-103.76,-17.9],[-100.89,-18.59],[-83.62,-27.13],[-55.62,-40.93],[14.61,-41.13],[65.78,-18.46],[74.35,-13.689],[128.16,3.73],[131.53,16.639],[130.04,42.711]],"c":true},"ix":2},"nm":"Path 1","mn":"ADBE Vector Shape - Group","hd":false},{"ty":"fl","c":{"a":0,"k":[0.250999989229,0.224000010771,0.372999991623,1],"ix":4},"o":{"a":0,"k":100,"ix":5},"r":1,"bm":0,"nm":"Fill 1","mn":"ADBE Vector Graphic - Fill","hd":false},{"ty":"tr","p":{"a":0,"k":[134.17,46.33],"ix":2},"a":{"a":0,"k":[0,0],"ix":1},"s":{"a":0,"k":[100,100],"ix":3},"r":{"a":0,"k":0,"ix":6},"o":{"a":0,"k":100,"ix":7},"sk":{"a":0,"k":0,"ix":4},"sa":{"a":0,"k":0,"ix":5},"nm":"Transform"}],"nm":"Group 9","np":2,"cix":2,"bm":0,"ix":9,"mn":"ADBE Vector Group","hd":false},{"ty":"gr","it":[{"ind":0,"ty":"sh","ix":1,"ks":{"a":0,"k":{"i":[[1.933,0],[0,0],[0,1.933],[-1.933,0],[0,0],[0,-1.934]],"o":[[0,0],[-1.933,0],[0,-1.934],[0,0],[1.933,0],[0,1.933]],"v":[[56.94,3.5],[-56.94,3.5],[-60.44,0],[-56.94,-3.5],[56.94,-3.5],[60.44,0]],"c":true},"ix":2},"nm":"Path 1","mn":"ADBE Vector Shape - Group","hd":false},{"ty":"fl","c":{"a":0,"k":[0.250999989229,0.224000010771,0.372999991623,1],"ix":4},"o":{"a":0,"k":100,"ix":5},"r":1,"bm":0,"nm":"Fill 1","mn":"ADBE Vector Graphic - Fill","hd":false},{"ty":"tr","p":{"a":0,"k":[133.03,88.9],"ix":2},"a":{"a":0,"k":[0,0],"ix":1},"s":{"a":0,"k":[100,100],"ix":3},"r":{"a":0,"k":0,"ix":6},"o":{"a":0,"k":100,"ix":7},"sk":{"a":0,"k":0,"ix":4},"sa":{"a":0,"k":0,"ix":5},"nm":"Transform"}],"nm":"Group 10","np":2,"cix":2,"bm":0,"ix":10,"mn":"ADBE Vector Group","hd":false},{"ty":"gr","it":[{"ind":0,"ty":"sh","ix":1,"ks":{"a":0,"k":{"i":[[0,0],[0,0],[0,0],[0,0],[0,0],[0,0],[0,0],[0,0],[0,0],[0,0],[0,0],[0,0],[0,0],[0,0],[0,0],[0,0],[0,0],[0,0],[0,0],[0,0],[0,0],[0,0],[0,0],[0,0],[0,0],[0,0],[0,0],[0,0],[0,0],[0,0],[0,0],[0,0]],"o":[[0,0],[0,0],[0,0],[0,0],[0,0],[0,0],[0,0],[0,0],[0,0],[0,0],[0,0],[0,0],[0,0],[0,0],[0,0],[0,0],[0,0],[0,0],[0,0],[0,0],[0,0],[0,0],[0,0],[0,0],[0,0],[0,0],[0,0],[0,0],[0,0],[0,0],[0,0],[0,0]],"v":[[-55.075,-7.62],[-54.725,-5.67],[-52.245,-5.8],[-51.425,-4.85],[-50.325,-2.44],[-50.465,-1.31],[-51.265,0.08],[-54.045,4.81],[-56.605,9.38],[-9.695,10.86],[-10.485,6.1],[-11.175,1.9],[-11.915,-2.58],[-12.505,-6.21],[-12.065,-8.42],[-10.755,-10.03],[-9.625,-10.22],[-8.485,-10.22],[-6.655,-9.15],[-5.615,-7.34],[-5.055,-3.45],[-2.455,12.07],[52.505,13.06],[56.605,6.1],[49.795,2.4],[34.765,-4.29],[19.015,-9.28],[4.875,-11.91],[-9.585,-13.06],[-21.705,-13.06],[-33.425,-12.45],[-43.865,-10.93]],"c":true},"ix":2},"nm":"Path 1","mn":"ADBE Vector Shape - Group","hd":false},{"ty":"st","c":{"a":0,"k":[0.501999978458,0.501999978458,0.501999978458,1],"ix":3},"o":{"a":0,"k":100,"ix":4},"w":{"a":0,"k":1,"ix":5},"lc":1,"lj":1,"ml":10,"bm":0,"nm":"Stroke 1","mn":"ADBE Vector Graphic - Stroke","hd":false},{"ty":"fl","c":{"a":0,"k":[0.501999978458,0.501999978458,0.501999978458,1],"ix":4},"o":{"a":0,"k":100,"ix":5},"r":1,"bm":0,"nm":"Fill 1","mn":"ADBE Vector Graphic - Fill","hd":false},{"ty":"tr","p":{"a":0,"k":[129.755,21.7],"ix":2},"a":{"a":0,"k":[0,0],"ix":1},"s":{"a":0,"k":[100,100],"ix":3},"r":{"a":0,"k":0,"ix":6},"o":{"a":0,"k":100,"ix":7},"sk":{"a":0,"k":0,"ix":4},"sa":{"a":0,"k":0,"ix":5},"nm":"Transform"}],"nm":"Group 11","np":3,"cix":2,"bm":0,"ix":11,"mn":"ADBE Vector Group","hd":false},{"ty":"gr","it":[{"ind":0,"ty":"sh","ix":1,"ks":{"a":0,"k":{"i":[[0,0],[0,0],[0,0],[0,0],[0,0],[0,0],[0,0],[0,0],[0,0],[0,0],[0,0],[0,0],[0,0],[0,0],[0,0],[0,0],[0,0],[0,0],[0,0],[0,0],[0,0],[0,0],[0,0],[0,0],[0,0],[0,0],[0,0],[0,0],[0,0],[0,0],[0,0],[0,0],[0,0],[0,0],[0,0],[0,0],[0,0],[0,0],[0,0],[0,0],[0,0],[0,0],[0,0],[0,0],[0,0],[0,0],[0,0],[0,0],[0,0],[0,0],[0,0],[0,0],[0,0],[0,0],[0,0],[0,0],[0,0],[0,0],[0,0],[0,0],[0,0],[0,0],[0,0],[0,0],[0,0],[0,0],[0,0],[0,0],[0,0],[0,0],[0,0],[0,0],[0,0],[0,0],[0,0],[0,0],[0,0],[0,0],[0,0],[0,0],[0,0],[0,0],[0,0],[0,0],[0,0],[0,0],[0,0],[0,0],[0,0],[0,0],[0,0],[0,0],[0,0],[0,0],[0,0],[0,0],[0,0],[0,0]],"o":[[0,0],[0,0],[0,0],[0,0],[0,0],[0,0],[0,0],[0,0],[0,0],[0,0],[0,0],[0,0],[0,0],[0,0],[0,0],[0,0],[0,0],[0,0],[0,0],[0,0],[0,0],[0,0],[0,0],[0,0],[0,0],[0,0],[0,0],[0,0],[0,0],[0,0],[0,0],[0,0],[0,0],[0,0],[0,0],[0,0],[0,0],[0,0],[0,0],[0,0],[0,0],[0,0],[0,0],[0,0],[0,0],[0,0],[0,0],[0,0],[0,0],[0,0],[0,0],[0,0],[0,0],[0,0],[0,0],[0,0],[0,0],[0,0],[0,0],[0,0],[0,0],[0,0],[0,0],[0,0],[0,0],[0,0],[0,0],[0,0],[0,0],[0,0],[0,0],[0,0],[0,0],[0,0],[0,0],[0,0],[0,0],[0,0],[0,0],[0,0],[0,0],[0,0],[0,0],[0,0],[0,0],[0,0],[0,0],[0,0],[0,0],[0,0],[0,0],[0,0],[0,0],[0,0],[0,0],[0,0],[0,0],[0,0]],"v":[[-115.07,-10.09],[-108.06,-12.32],[-100.7,-14.13],[-93.2,-16.309],[-87.36,-18.969],[-82.67,-21.82],[-77.03,-25.699],[-71.54,-29.21],[-64.42,-32.88],[-60.56,-34.499],[-55.71,-36.29],[-55.02,-30.279],[-61.19,-30.95],[-65.04,-24.76],[-68.46,-18.01],[-69.42,-14.52],[-69.42,-12.32],[-67.96,-12.32],[-64.76,-11.199],[-54.07,-10.859],[51.03,-7.54],[54.17,-8.529],[55.36,-9.76],[56.36,-13.35],[55.66,-15.59],[53.44,-18.609],[52.05,-19.84],[52.58,-21.329],[70.66,-10.549],[73.69,-9.57],[79.59,-8.779],[88.41,-7.38],[95.96,-5.889],[104.32,-3.82],[106.17,-3.29],[105.559,-1.219],[105.65,1.58],[106.43,5.21],[108.28,9.579],[110.479,12.74],[113.26,14.68],[115.21,15.391],[118.69,16.311],[124.019,17.251],[125.75,17.79],[126.389,23.04],[126.45,26.829],[126.08,31.82],[125.269,35.34],[124.68,36.29],[106.229,36.29],[105.559,28.23],[103.12,22.59],[99.61,17.329],[95.08,13.391],[91.139,10.9],[85.729,9.441],[80.96,8.8],[76.82,9.15],[72.44,10.171],[68.2,12.51],[64.4,14.55],[61.63,17.79],[59.7,20.4],[57.83,23.76],[56.36,28.18],[55.66,32.671],[56.21,36.29],[-55.84,36.031],[-55.98,30.921],[-57.44,25.369],[-60.51,19.671],[-65.34,14.221],[-70.59,11.201],[-77.02,9.15],[-82.86,9.001],[-89.14,10.031],[-94.41,12.66],[-99.66,16.751],[-102.88,20.84],[-105.07,25.51],[-106.26,29.9],[-106.26,36.29],[-120.52,36.29],[-123.45,35.501],[-125.53,33.46],[-126.34,30.781],[-126.45,18.46],[-125.97,14.221],[-118.77,14.05],[-113.76,13.26],[-110.21,11.59],[-108.19,8.8],[-107.08,5.18],[-106.61,0.24],[-106.65,-3.139],[-107.32,-5.32],[-109.87,-7.54]],"c":true},"ix":2},"nm":"Path 1","mn":"ADBE Vector Shape - Group","hd":false},{"ty":"st","c":{"a":0,"k":[0.250999989229,0.224000010771,0.372999991623,1],"ix":3},"o":{"a":0,"k":100,"ix":4},"w":{"a":0,"k":1,"ix":5},"lc":1,"lj":1,"ml":10,"bm":0,"nm":"Stroke 1","mn":"ADBE Vector Graphic - Stroke","hd":false},{"ty":"fl","c":{"a":0,"k":[0.250999989229,0.224000010771,0.372999991623,1],"ix":4},"o":{"a":0,"k":100,"ix":5},"r":1,"bm":0,"nm":"Fill 1","mn":"ADBE Vector Graphic - Fill","hd":false},{"ty":"tr","p":{"a":0,"k":[133.76,49.18],"ix":2},"a":{"a":0,"k":[0,0],"ix":1},"s":{"a":0,"k":[100,100],"ix":3},"r":{"a":0,"k":0,"ix":6},"o":{"a":0,"k":100,"ix":7},"sk":{"a":0,"k":0,"ix":4},"sa":{"a":0,"k":0,"ix":5},"nm":"Transform"}],"nm":"Group 12","np":3,"cix":2,"bm":0,"ix":12,"mn":"ADBE Vector Group","hd":false}],"ip":0,"op":21370,"st":0,"bm":0}],"markers":[]}